기사 제목, 언론사
제주 씨에스호텔×코알라에코 온라인 예약시 3종 키트 증정,이뉴스투데이
피부를 위한 아로마 스킨에어,여성조선
세노비스 키즈 ‘멀티 비타민미네랄 구미젤리’ 출시,이투데이
'산호초의 천국' 퀸즐랜드는 처음이지?,한국경제
입맛 까다로운 코알라엔 ‘똥이 약’,한겨레
[이슈톡] 강아지 등에 올라탄 아기 '코알라' 화제,MBC
[Pick] "우리 엄마 아니에요?"…강아지 '껌딱지'가 되어버린 새끼 코알라,SBS
가희 코알라처럼 찰싹 붙은 막내와 "말랑말랑한 우리 시온이",헤럴드POP
강아지 등에 올라탄 아기 코알라..'엄만 줄 알고',노트펫
엄마로 착각해 등에 '착' 붙은 아기 코알라 보고 '동공지진' 온 댕댕이,인사이트
[클릭@지구촌] 화마 속에서 품속 새끼 지킨 어미 코알라 ‘감동’,KBS
곰처럼 귀여운 '코알라(koala)' [김권제 칼럼],미디어파인
'산불'로 다 타버린 보금자리에서 아기 꼭 끌어안고 흐느낀 어미 코알라,인사이트
불타버린 숲에서 아기 지키기 위해 꼭 껴안고 있는 엄마 코알라,노트펫
산불 다가오자 새끼 꼭 품어 보호한 어미 코알라의 모성애,서울신문
‘코알라 얼굴을 한 판다형 캥거루’ 고대 지구에 살았다 (연구),서울신문
'코딩좀알려주라' '코알라 유니브 2기' 모집,그린포스트코리아
한국원자력환경공단 SNS로 방폐물 사업과 지역지원사업까지!,매일경제
'이필모♥' 서수연 아들과 코알라로 변신 "잘 때 몰래 찍기",스포츠조선
“대학생을 데이터 사이언티스트로” 코알라 유니브 2기 모집,벤처스퀘어
호주 대형 산불로 노부부 사망…가뭄·강풍으로 피해 커져,KBS
'코알라보려면 쿠알라룸푸르가 최고' 아태평양 최고 저렴 환승지는 쿠알라룸푸...,스포츠서울
이지혜 딸 어부바 사진..코알라처럼 깜찍해,헤럴드POP
리미떼두두 증정 상품 코알라 자수 퍼 에코백 보니 '귀여움 가득',아시아투데이
[김정환의 맛볼까]올겨울 이겨낼 천고마비는 호텔 뷔페서 ②홀리데이 인 인천...,뉴시스
웰니스 기업 멜라루카 어린이를 위한 '코알라팔스 홍삼젤리' 출시,Queen
나무에서 떨어진 자신 보살펴준 간호사 '엄마'인 줄 알고 '찰싹' 매달린 아기...,인사이트
[티티엘 TV] 젯스타(JQ Jetstar) 호주 골드코스트 취항 기대감 높아,티티엘뉴스
김주하의 9월 9일 '이 한 장의 사진',MBN
[최재천의 자연과 문화] [537] 똥약(Poop pill),조선일보
한국에 '코알라 카페' 있다는 말에 속아 가자고 칭얼거리는 '아기 거미' 톰 홀...,인사이트
코알라에코 방송인 오정연 '체리블리카페'와 팝업 코너 선봬,이뉴스투데이
코알라보다 인간에게 더 좋은 힐링식물 유칼립투스 광주에서 볼 수 있어,이투뉴스
'코딩좀알려주라' 무료 데이터 사이언스 교육,파이낸셜뉴스
코딩좀알려주라 대학생 '무료 데이터 사이언스 교육' 진행,데이터넷
코딩좀알려주라 대학생 '무료 데이터 사이언스 교육' 2기 모집,로봇신문
[WIKI 프리즘] 밀림 파괴와 질병 때문에 '기능적으로 멸종'이 선언된 코알라,위키리크스한국
충북교육연구정보원 소프트웨어교실 운영,동양일보
[#talk #drama ] ‘평일 오후 세시의 연인’ 속 금기시된 사랑 허락해도 될까...,여성동아
뉴질랜드 코알라 트루 오리지널 골드+ 이마트 새벽배송으로 만나볼 수 있어,일간스포츠
‘서머타임’과 ‘코알라 사망률’이 대체 뭔 상관?,KBS언론사 선정
[2019금속산업대전] 코알라각인 금속용 화이버 레이저 각인기 선보여,인더스트리뉴스
캥거루와 코알라 인형 가득한 호주 부스,연합뉴스
"감빵생활" 죄수들은 첫 번째로 밝혀진???,시사매거진
대학생을 데이터 사이언스 전문가로..'코알라유니브' 2기 모집,한국정경신문
중국 광저우 동물원 코알라 가족 공개,KBS
'에어컨 좀 같이 쐽시다'…차에 침입한 코알라,연합뉴스TV언론사 선정
[오피니언] 복세편살 아니 복세복살? [사람],아트인사이트
호주 친환경 주방 홈세제 ‘코알라에코’ 국내 출시,이뉴스투데이
충북도교육연구정보원 코알라와 함께하는 소프트웨어교실 운영,아시아뉴스통신
[e영상]세번째 앨범 '스펙트럼' 포인트 안무는 훌라춤 + 코알라춤,enews24
[호주 골드코스트] 해변만 다녀오셨나요? 골드코스트 절반도 못보셨네요,매일경제
겨울 호주여행 준비한다면 '멜버른 직항'으로 떠나요!,투어코리아뉴스
'외모지상주의' 하늘 코알라 나쁜 손에 당황한 근황,미디어펜
[글로벌-Biz 화제] 일본에 직장인 위한 '낮잠 이동차량' 서비스 등장,글로벌이코노믹
코알라의 만성피로…알고보니 새끼에 대한 어미의 지극한 사랑 때문,아주경제
"냥신이 세상을 지배한다"…냥덕후가 탄생시킨 생태계 점령한 고양이짤,인사이트
주아민 아들공개 코알라처럼 딱 붙어 '♥',부산일보
율희 AR카메라 이용한 코알라 변신사진…귀염폭발,뉴스페이퍼
보물섬투어 "겨울 호주여행 준비한다면...멜버른 직항으로 떠나요",투어타임즈
어린이 건기식 ‘세노비스 키즈’ 영양ㆍ맛ㆍ재미 모두 잡아,국민일보
[포토]스펙트럼 신명나는 코알라(꽐라) 댄스,일간스포츠
'냉장고를 부탁해' 두 부부는 시작부터 만만치 않은...,인사이트코리아
'냉부해' 고지용♥허양임&승재의 선택은…이연복X레이먼킴(종합),뉴스1
[KBL 챔프] 앵그리 '삼산동 코알라' 이대헌 "유재학 감독님 당황시키고 싶다...,바스켓코리아
“내 매력에 퐁당 빠졌지?”,어린이동아
안양 호성중학교 외부 강사 초빙해 '댄싱 로봇 코딩' 특강 실시,경인일보
차에 돌아왔더니 코알라가.."에어컨 같이 쐽시다~",노트펫
[이 시각 세계] '잠시 쉬어 갈게요'…차에 탄 코알라,MBC
[Pick] "거 바람 좀 쐽시다"…에어컨 틀어 놓은 차로 피서 온 코알라,SBS
[비디오머그] "지금껏 이런 자동차 도둑은 없었다. 이것은 곽 모 씨인가 코알...,SBS
[해외의 황당한 주류 사건] 빈야드의 코알라 맥주 비를 만든 브루어리 및 황...,소믈리에타임즈
스타워즈 요다처럼 보이는 ‘코알라 요다’ 화제,서울신문
[심보배의 로스팅 탐방기] 제주 최초 큐그레이더 `코알라커피공장`,이데일리
차량 뒷좌석에 야생 코알라가…피서 중?,채널A
스펙트럼 '이게 바로 코알라춤'[엑's HD포토],엑스포츠뉴스
[고봉순] 차 안으로 피서온 코알라 ‘스윗하게 내쫓는 법(?)’,KBS
[어린이 책]종달새-코알라는 왜 똥을 먹는걸까,동아일보
[J 갤러리] 정영수 作 '코코 뱅뱅',중부매일
'냉부해' 고지용子 승재 역대급 까다로운 게스트..복수혈전 가나요? [종합],OSEN
호주의 축산 현장을 가다(2),농장에서식탁까지
‘모험왕 블링키’ 2월 개봉…개구쟁이 꼬마 코알라가 온다,NSP통신
바닷새 무리 사이에서 포착된 코알라,국민일보언론사 선정
이성 유혹 요염한 코알라 사진에 온라인 난리 …“정말 섹시”,동아일보
폭염 속 목마른 코알라에게 물을 건넸다 (영상),허프포스트코리아
10월 25일 태국 바트 환율38.69원…세계 여러 나라들의 오늘 환율,내외경제tv
[올댓튜브] 안본 사람은 있어도 한 번만 본 사람은 없을 중독 영상들,비즈한국
“내 짝은 어디에?” 커플 속 방황하는 ‘솔로 코알라’,서울신문
[글로벌-Biz 24] 호주 코알라 재단 코알라 "기능적으로 멸종" 선언…근친 교...,글로벌이코노믹
서울대선정 한국문학전집 독후활동으로 초등논술 중고등논술 내신대비까지 ...,월간원예
(영상) 코알라 ‘악마의 비명’...무슨 소리를 들었길래?,코리아헤럴드
아이들 그림책선물. 그리스로마신화로 아이들 사고력 창의력을 쑥쑥,여행레저신문
[포춘US]시장 암호 해독하기,포춘코리아
코알라처럼 빅토리아주,트래비
물에 빠진 아기 코알라.. 홍수 표식에 매달려 구사일생,파이낸셜뉴스
[황규민의 먹고싸는 얘기] 울트라 슈퍼 초잡식성 동물 호모 사피엔스,단디뉴스
엘솔컴퍼니 中 O2O 기업 미스터코알라와 MOU,데이터넷
호주서 코알라 멸종되나…2세기만에 99% 급감,그린포스트코리아
올해도 소방관들이 벗었다? 호주·프랑스·미국도 '몸짱달력' 제작,매일신문언론사 선정
[이슈 컷] "지구를 사랑해요" 환경보호 음악에 목소리 모은 '슈퍼스타'들,연합뉴스
